Timestamp,Which institute are you from?,What is your department/branch and graduation year?,Which role did you interview for?,What was the year and approximate duration of your interview?,How many interviewers were present?,What topics were covered in the interview?,Please list the most important questions you remember (in approximate chronological order).,Which 2-3 questions generated the most follow-ups or were the most challenging?,Were any AI/GenAI questions asked?,"If yes, please describe the AI/GenAI questions and their nature (technical, conceptual, business-oriented, etc.).",Was a case or business problem given?,"If a case was given, please describe the problem and the case type (e.g., Profitability, Market Entry, AI Transformation).",Which behavioral questions were asked? (Did they ask 'Why Consulting?' or 'Why Accenture?'),How would you describe the interviewer's style?,"On a scale of 1 to 5, how much did the interviewer challenge your answers?",What was the most difficult part of the process?,What do you wish you had prepared better?,What is the single most important advice you would give to someone preparing for this interview?,Would you be willing to have a short follow-up conversation for additional details?,"If yes, tell us how can we contact you."
9/1/2026 23:34:08,IIT (ISM) Dhanbad,"Department of Mechanical Engineering, 2027",Management Consulting Intern,"2025; Round 1: 15-20 mins, Round 2: 20 mins",2,"Introduction, Resume Deep Dive, Internship/Project Experience, AI/GenAI, HR/Behavioral, Leadership Questions","Please explain the research project you had worked on.
How did you divide and manage the research work between yourself and your teammate?
Are you building an ML portfolio?
Where do you see yourself in the next few years?
","My Research Project:
I was asked to elaborate on this and based on my answer, I was asked plenty of follow-up questions. I was even asked to describe whether, if I were sent to a mine (the project I had worked on was related to mining machinery), I would be able to work there as a consultant.",Yes,Do you have an idea what GenAI is? Conceptual,No,,What do you know about consulting?,Conversational,2,"The GenAI question, I did not dive deep into this topic, so could not elaborate much on this.",I should have worked more on my communication skills.,Be very clear with each and everything you have mentioned in your resume. ,"Yes, I am happy to help",7317351111
9/2/2026 11:48:20,IIT Kharagpur,"Mechanical, 2027",Data and AI Intern,"2026, 45minutes",1,"Resume Deep Dive, Internship/Project Experience, Guesstimate","Resume, data case, ML basics","Project related, different for different people ",No,,Yes,Profitability ,Why accenture,"Conversational, Technical/Analytical",4,Data case,ML basics and python,Stay calm and enjoy the process,"Yes, I am happy to help",
9/2/2026 12:15:34,IIT ISM Dhanbad ,"Environmental Engineering, 2028",Management Consulting Intern,"2026, 30 minutes each- 2rounds",1,"Introduction, Resume Deep Dive, Internship/Project Experience, Business/Consulting Questions, Case Study, Guesstimate, AI/GenAI, HR/Behavioral","Round 1: Technical & Case Interview
​Intro & Resume: Standard introduction and a quick skim of my resume.
​Project Discussion: A deep dive into my most recent project.
​Guesstimate: Estimate the revenue earned if a petrol outlet started offering EV charging booths.
​Root Cause Analysis (RCA): Identify the core reasons behind the degradation of mess food quality.
​Round 2: HR & Behavioral
​Background & Tech: Introduction, general background check, and questions on basic AI knowledge and tools.
​Fit & Motivation: ""Why Accenture?""
​Domain Pushback: Since my degree is in Environmental Engineering, the interviewer challenged me on why they should hire me, given Accenture handles many oil and gas projects.
​For the simulation, I highly recommend testing candidates on the specific challenges of their own academic sector. They need to be able to articulate exactly how consulting frameworks can solve industry-specific problems to pass that domain pushback.",Mentioned above in detail whatever was asked to me,Yes,Which tools do you use frequently and for what purpose?,Yes,Mentioned Above..Market Entry of EV charging stations ,Yes,"Conversational, Technical/Analytical, Case-focused",3,,,My focus on the interviewer- having a constant eyecontact while answering ,"Yes, I am happy to help",9910645005
9/2/2026 16:06:17,IIT Bombay,Chemical engineering 2027,Management Consulting Intern,Interview happened in 2025 .2 interviews approximately of 25 minutes each,1,"Introduction, Resume Deep Dive, Internship/Project Experience, Leadership Questions",No questions. I just kept speaking about my resume,,No,,No,,Yes Why Consulting was asked. To which I replied that I wanted to work in a field that gives breadth as well as deep knowledge,Conversational,2,,,Resume prep very well. And smile during the interview.,"Yes, I am happy to help",8235191919
9/2/2026 17:16:42,IIT Madras,Civil 2024-28,IMU Intern,"3rd year, 2hrs",2,"Introduction, Resume Deep Dive, Internship/Project Experience, Case Study, Technical Questions, HR/Behavioral",It was a football case related to India plan for 2036 WC,More questions related to my interns I had done previously ,No,,Yes,It was an unconventional cases related to Football ,Where do you look yourselves in 5 years?,Conversational,4,,,Just be thorough with your resume and do case books and all,"Yes, I am happy to help",WhatsApp (you have my number)